,No._Trades,Hit_Rate,Minimum,Maximum,Mean,Variance,Std_Dev,Skew,Kurtosis
0,226,0.96,-33.48000000000002,711.48,89.13800000000002,18278.209108444444,135.19692714127953,,
